dataset,repeat,fold,model,test_rmse,val_rmse,test_mae,test_r2
airfoil_self_noise,0,0,GraphDrone_DOMAIN,6.179440267948747,6.31272026659717,5.106147289276123,0.20858556032180786
airfoil_self_noise,0,1,GraphDrone_DOMAIN,6.126667963359199,6.188713185989273,5.032176971435547,0.13271117210388184
airfoil_self_noise,0,2,GraphDrone_DOMAIN,6.437116296684488,6.122804832237581,5.303206920623779,0.18886101245880127
airfoil_self_noise,0,0,GraphDrone_FOUNDATION,1.1200052752540877,1.2065715222934046,0.7568483352661133,0.9740016460418701
airfoil_self_noise,0,1,GraphDrone_FOUNDATION,1.3197831667190054,1.2704060988061217,0.8185487985610962,0.959754228591919
airfoil_self_noise,0,2,GraphDrone_FOUNDATION,1.3828099137621472,1.5412245537481857,0.9046215415000916,0.962568461894989
airfoil_self_noise,0,0,GraphDrone_FULL,1.185312163043408,1.3301120927369223,0.7972785830497742,0.9708813428878784
airfoil_self_noise,0,1,GraphDrone_FULL,1.4015064768401675,1.412147658635071,0.8788395524024963,0.9546157121658325
airfoil_self_noise,0,2,GraphDrone_FULL,1.3876780455855289,1.5608499588346538,0.9294429421424866,0.9623044729232788
airfoil_self_noise,0,0,GraphDrone_GEO,2.781187421116116,2.8540606699471645,2.1148767471313477,0.8396879434585571
airfoil_self_noise,0,1,GraphDrone_GEO,2.8984396386974085,2.6700427817013948,2.1382381916046143,0.8058919310569763
airfoil_self_noise,0,2,GraphDrone_GEO,2.8991171973001784,2.8570929420743174,2.14534592628479,0.8354703783988953
airfoil_self_noise,0,0,GraphDrone_LOWRANK,1.254362362055272,1.316855017352472,0.8293413519859314,0.9673899412155151
airfoil_self_noise,0,1,GraphDrone_LOWRANK,1.3682922259686936,1.3413098380045194,0.8512549996376038,0.9567413926124573
airfoil_self_noise,0,2,GraphDrone_LOWRANK,1.5661979403600497,1.7305091870407667,0.972979724407196,0.951981782913208
airfoil_self_noise,0,0,GraphDrone_crossfit,1.1711773130646743,1.296554250003645,0.7834645509719849,0.971571683883667
airfoil_self_noise,0,1,GraphDrone_crossfit,1.4151448696639615,1.3505225618378092,0.9305582642555237,0.9537281394004822
airfoil_self_noise,0,2,GraphDrone_crossfit,1.4487842823675743,1.6590553133793258,0.9776878356933594,0.9589115381240845
airfoil_self_noise,0,0,GraphDrone_foundation_crossfit,1.1396580085254433,1.274972049556367,0.7707898616790771,0.9730812311172485
airfoil_self_noise,0,1,GraphDrone_foundation_crossfit,1.3461821524295428,1.2884118027290654,0.8733877539634705,0.9581280946731567
airfoil_self_noise,0,2,GraphDrone_foundation_crossfit,1.3950038077189664,1.5564058861542012,0.9455927610397339,0.9619054198265076
airfoil_self_noise,0,0,GraphDrone_foundation_router,1.1399718204160898,1.1766998150094397,0.7729648947715759,0.9730664491653442
airfoil_self_noise,0,1,GraphDrone_foundation_router,1.3646359421390148,1.3381341197501748,0.8993188738822937,0.9569722414016724
airfoil_self_noise,0,2,GraphDrone_foundation_router,1.4000588932592877,1.251837000467733,0.9528521299362183,0.961628794670105
airfoil_self_noise,0,0,GraphDrone_gora,3.483998641827359,3.4665439223298318,2.542037010192871,0.7484283447265625
airfoil_self_noise,0,1,GraphDrone_gora,3.267208025962245,3.2494692735887747,2.242953062057495,0.7533570528030396
airfoil_self_noise,0,2,GraphDrone_gora,3.7266739482728886,3.4131205850351556,2.6323885917663574,0.7281336784362793
airfoil_self_noise,0,0,GraphDrone_router,1.1768248732836804,1.2218721940966923,0.7886706590652466,0.9712968468666077
airfoil_self_noise,0,1,GraphDrone_router,1.4277886459952875,1.37275868588883,0.9411149621009827,0.9528976082801819
airfoil_self_noise,0,2,GraphDrone_router,1.4568946917564227,1.5362409103782677,0.9825404286384583,0.958450198173523
airfoil_self_noise,0,0,GraphDrone_sigma2,2.292578694897111,2.432837795941917,1.7989273071289062,0.8910683393478394
airfoil_self_noise,0,1,GraphDrone_sigma2,2.17931031822794,2.1664910856653847,1.643414855003357,0.8902629613876343
airfoil_self_noise,0,2,GraphDrone_sigma2,2.4173186727094316,2.3297346042550484,1.8650974035263062,0.8856120109558105
airfoil_self_noise,0,0,GraphDrone_trust_gate,1.1649409314353756,1.2670765782361957,0.7873407006263733,0.9718736410140991
airfoil_self_noise,0,1,GraphDrone_trust_gate,1.3805221728623953,1.3313258028611752,0.8731094598770142,0.9559646248817444
airfoil_self_noise,0,2,GraphDrone_trust_gate,1.3774193373531194,1.5094401217168516,0.9380591511726379,0.9628597497940063
airfoil_self_noise,0,0,GraphDrone_uniform,2.2619329426857533,2.401581036825622,1.760916829109192,0.8939611315727234
airfoil_self_noise,0,1,GraphDrone_uniform,2.156803778702513,2.1508784074382223,1.6262657642364502,0.8925178647041321
airfoil_self_noise,0,2,GraphDrone_uniform,2.3855097279171393,2.3311117586357804,1.8349801301956177,0.888602614402771
airfoil_self_noise,0,0,TabM,1.296871277217807,1.6353569100835923,0.9500239491462708,0.9651422500610352
airfoil_self_noise,0,1,TabM,1.5175426189339005,1.4046550606958899,0.9860077500343323,0.946789562702179
airfoil_self_noise,0,2,TabM,1.431385387030846,1.5083499405229417,0.98175048828125,0.9598925113677979
airfoil_self_noise,0,0,TabPFN,1.1200052752540877,1.2065715222934046,0.7568483352661133,0.9740016460418701
airfoil_self_noise,0,1,TabPFN,1.3197831667190054,1.2704060988061217,0.8185487985610962,0.959754228591919
airfoil_self_noise,0,2,TabPFN,1.3828099137621472,1.5412245537481857,0.9046215415000916,0.962568461894989
airfoil_self_noise,0,0,TabR,1.4577196175308715,1.505564500202328,1.095417250911396,0.9559593796730042
airfoil_self_noise,0,1,TabR,1.8329381307488481,1.6112634316406278,1.2552618329057168,0.922373354434967
airfoil_self_noise,0,2,TabR,1.807289507040926,1.7616980741817951,1.270848725954238,0.9360606670379639
concrete_compressive_strength,0,0,GraphDrone_DOMAIN,11.057585060849846,8.52962626560842,8.033331871032715,0.5758647918701172
concrete_compressive_strength,0,1,GraphDrone_DOMAIN,9.511428784722906,9.98291195939165,6.777840614318848,0.6693313717842102
concrete_compressive_strength,0,2,GraphDrone_DOMAIN,10.030687548118937,10.786057436996138,7.001241207122803,0.6327682733535767
concrete_compressive_strength,0,0,GraphDrone_FOUNDATION,4.201171647998018,3.353987805512108,2.816424608230591,0.9387755990028381
concrete_compressive_strength,0,1,GraphDrone_FOUNDATION,4.4038468970521425,4.697790624897101,2.7116215229034424,0.9291130900382996
concrete_compressive_strength,0,2,GraphDrone_FOUNDATION,4.386738533389829,4.545892878118244,2.8623178005218506,0.9297636151313782
concrete_compressive_strength,0,0,GraphDrone_FULL,4.215526111933198,3.3144918247317157,2.7731168270111084,0.9383565187454224
concrete_compressive_strength,0,1,GraphDrone_FULL,4.39541158717018,4.868072674198619,2.669146776199341,0.9293844103813171
concrete_compressive_strength,0,2,GraphDrone_FULL,4.497453392851784,4.426007715341744,2.9069459438323975,0.9261735081672668
concrete_compressive_strength,0,0,GraphDrone_GEO,11.184967265791009,11.009001430093148,8.876169204711914,0.566036581993103
concrete_compressive_strength,0,1,GraphDrone_GEO,11.41384058220271,11.832014484966663,9.008687019348145,0.5238266587257385
concrete_compressive_strength,0,2,GraphDrone_GEO,11.847550640396427,11.544375178700733,9.345316886901855,0.4876863360404968
concrete_compressive_strength,0,0,GraphDrone_LOWRANK,8.76978963288619,5.926046789225993,6.073463439941406,0.7332146167755127
concrete_compressive_strength,0,1,GraphDrone_LOWRANK,7.980111672903564,8.266275246900477,5.650108814239502,0.7672340869903564
concrete_compressive_strength,0,2,GraphDrone_LOWRANK,9.829300996564033,8.888151498514574,7.100771903991699,0.6473661065101624
concrete_compressive_strength,0,0,GraphDrone_crossfit,4.4688658799305685,3.511256508962072,3.047252655029297,0.9307247400283813
concrete_compressive_strength,0,1,GraphDrone_crossfit,4.547673001346166,5.110911473692236,3.0144619941711426,0.9244073033332825
concrete_compressive_strength,0,2,GraphDrone_crossfit,4.506022767410293,4.725945247983569,3.079322099685669,0.9258919358253479
concrete_compressive_strength,0,0,GraphDrone_foundation_crossfit,4.430456024189315,3.3868968525202856,3.0136215686798096,0.9319104552268982
concrete_compressive_strength,0,1,GraphDrone_foundation_crossfit,4.34608649116608,4.746988245182659,2.7161011695861816,0.9309604167938232
concrete_compressive_strength,0,2,GraphDrone_foundation_crossfit,4.630490111740523,4.641406471908659,3.3817267417907715,0.9217413067817688
concrete_compressive_strength,0,0,GraphDrone_foundation_router,4.481157058752245,3.2229560111532862,3.0278029441833496,0.9303431510925293
concrete_compressive_strength,0,1,GraphDrone_foundation_router,4.347356383203821,4.2005207828806315,2.7177817821502686,0.9309200644493103
concrete_compressive_strength,0,2,GraphDrone_foundation_router,4.635534094991126,4.540239348971292,3.378195285797119,0.9215707182884216
concrete_compressive_strength,0,0,GraphDrone_gora,8.129882284628362,5.541514726816964,5.488613128662109,0.7707273960113525
concrete_compressive_strength,0,1,GraphDrone_gora,6.6309614889965,8.226796203945373,4.7228899002075195,0.8392857313156128
concrete_compressive_strength,0,2,GraphDrone_gora,8.80699386108226,9.602075400128147,6.169153213500977,0.7169036865234375
concrete_compressive_strength,0,0,GraphDrone_router,4.492090479590884,3.210758399145078,3.0576791763305664,0.9300028085708618
concrete_compressive_strength,0,1,GraphDrone_router,4.61301002060426,4.901329342881641,3.09816837310791,0.9222195744514465
concrete_compressive_strength,0,2,GraphDrone_router,4.526906424358951,4.309086651245753,3.0945143699645996,0.9252033829689026
concrete_compressive_strength,0,0,GraphDrone_sigma2,6.798104291223083,4.793595276962928,4.937501907348633,0.8396904468536377
concrete_compressive_strength,0,1,GraphDrone_sigma2,6.144100690672244,6.654765218696058,4.518889427185059,0.8620193600654602
concrete_compressive_strength,0,2,GraphDrone_sigma2,6.825281873758035,6.732567210409101,5.357924461364746,0.8299721479415894
concrete_compressive_strength,0,0,GraphDrone_trust_gate,4.230234521808108,3.2636905763228405,2.7943434715270996,0.9379255771636963
concrete_compressive_strength,0,1,GraphDrone_trust_gate,4.36048464854989,4.765208541933933,2.684507369995117,0.93050217628479
concrete_compressive_strength,0,2,GraphDrone_trust_gate,4.450349069684424,4.3725528957685516,2.9175987243652344,0.9277118444442749
concrete_compressive_strength,0,0,GraphDrone_uniform,6.7967593829965445,4.8378263614777035,4.969221115112305,0.8397538661956787
concrete_compressive_strength,0,1,GraphDrone_uniform,6.19677009128215,6.641233313130446,4.581308841705322,0.8596435785293579
concrete_compressive_strength,0,2,GraphDrone_uniform,6.767508229256662,6.703004351332645,5.33697509765625,0.8328384757041931
concrete_compressive_strength,0,0,TabM,5.089071922305235,3.596608095184161,3.255864381790161,0.9101618528366089
concrete_compressive_strength,0,1,TabM,5.212631201979626,5.453714508283892,3.2699341773986816,0.9006848335266113
concrete_compressive_strength,0,2,TabM,5.133859559537131,5.160014864582268,3.6562671661376953,0.9038018584251404
concrete_compressive_strength,0,0,TabPFN,4.201171647998018,3.353987805512108,2.816424608230591,0.9387755990028381
concrete_compressive_strength,0,1,TabPFN,4.4038468970521425,4.697790624897101,2.7116215229034424,0.9291130900382996
concrete_compressive_strength,0,2,TabPFN,4.386738533389829,4.545892878118244,2.8623178005218506,0.9297636151313782
concrete_compressive_strength,0,0,TabR,5.481894316641753,4.068966457019982,3.889154340665044,0.8957574367523193
concrete_compressive_strength,0,1,TabR,5.848898977572513,6.045419525259363,4.016162548271041,0.8749597668647766
concrete_compressive_strength,0,2,TabR,5.082026195861184,5.313027313951216,3.7475620370775573,0.9057345390319824
diamonds,0,0,GraphDrone_DOMAIN,3895.017073133313,3781.1186175522184,2767.177734375,0.07407468557357788
diamonds,0,1,GraphDrone_DOMAIN,3848.536085318676,3842.0429461420654,2741.4111328125,0.06296014785766602
diamonds,0,2,GraphDrone_DOMAIN,3793.2948738530727,3888.8432727483373,2677.311767578125,0.07479923963546753
diamonds,0,0,GraphDrone_FOUNDATION,527.763826204487,512.1974411786923,255.72264099121094,0.9830005168914795
diamonds,0,1,GraphDrone_FOUNDATION,523.9821382929002,515.9844353272683,255.1307830810547,0.9826300144195557
diamonds,0,2,GraphDrone_FOUNDATION,519.4309687051784,536.437612868449,251.07455444335938,0.9826516509056091
diamonds,0,0,GraphDrone_FULL,539.3644987390253,512.8320570615687,260.847412109375,0.9822449684143066
diamonds,0,1,GraphDrone_FULL,523.8164039050323,520.2912946129312,258.3805236816406,0.9826409816741943
diamonds,0,2,GraphDrone_FULL,523.2955367189749,541.6879579148866,254.63230895996094,0.9823925495147705
diamonds,0,0,GraphDrone_GEO,1361.268342392491,1318.626321214619,763.4922485351562,0.8869046568870544
diamonds,0,1,GraphDrone_GEO,1369.9959853955777,1345.963456041805,769.1312866210938,0.8812576532363892
diamonds,0,2,GraphDrone_GEO,1313.5422052602648,1390.3228491972648,741.1541748046875,0.88905930519104
diamonds,0,0,GraphDrone_LOWRANK,657.5736413132753,627.7788474056767,326.9449157714844,0.9736096262931824
diamonds,0,1,GraphDrone_LOWRANK,667.5598053732714,647.9423681933448,328.4790954589844,0.9718065857887268
diamonds,0,2,GraphDrone_LOWRANK,656.975337246384,652.7789394197702,321.83074951171875,0.9722476005554199
diamonds,0,0,GraphDrone_crossfit,553.6080517839314,521.5909855912006,298.6014099121094,0.9812948107719421
diamonds,0,1,GraphDrone_crossfit,530.5351366780526,532.8522895700083,285.42730712890625,0.9821928143501282
diamonds,0,2,GraphDrone_crossfit,534.4322045404824,553.3841906849165,292.8114318847656,0.9816350936889648
diamonds,0,0,GraphDrone_foundation_crossfit,533.0315715321185,513.7253339577483,258.55859375,0.9826594591140747
diamonds,0,1,GraphDrone_foundation_crossfit,528.3926984260854,519.6704785246128,262.5074157714844,0.9823363423347473
diamonds,0,2,GraphDrone_foundation_crossfit,520.0107571002738,538.9055749850803,251.89805603027344,0.9826129078865051
diamonds,0,0,GraphDrone_foundation_router,530.5601403234133,510.9908725946091,258.68609619140625,0.9828198552131653
diamonds,0,1,GraphDrone_foundation_router,526.8158774657423,517.9046726956612,261.8555908203125,0.9824416041374207
diamonds,0,2,GraphDrone_foundation_router,518.8122854173752,535.4521162064821,251.9521484375,0.9826929569244385
diamonds,0,0,GraphDrone_gora,3147.957591836332,3009.257881937007,1568.516357421875,0.39519554376602173
diamonds,0,1,GraphDrone_gora,3162.6047808728804,3100.9014818275023,1619.3221435546875,0.3672140836715698
diamonds,0,2,GraphDrone_gora,3020.928003114275,3125.598822625834,1518.182373046875,0.41320890188217163
diamonds,0,0,GraphDrone_router,551.3432460817852,519.7720053061727,291.5178527832031,0.9814475774765015
diamonds,0,1,GraphDrone_router,534.1422446315214,530.7329837121488,295.088134765625,0.9819498658180237
diamonds,0,2,GraphDrone_router,532.5342711976385,550.7594756334203,284.7893981933594,0.9817653298377991
diamonds,0,0,GraphDrone_sigma2,1314.0276347931197,1250.8830880621897,844.6544189453125,0.894618034362793
diamonds,0,1,GraphDrone_sigma2,1326.0082955999935,1298.0392906225914,851.7891845703125,0.8887603878974915
diamonds,0,2,GraphDrone_sigma2,1284.436987555248,1334.137033816242,821.6766967773438,0.8939212560653687
diamonds,0,0,GraphDrone_trust_gate,538.2039866537593,510.8500880884724,261.19891357421875,0.9823212623596191
diamonds,0,1,GraphDrone_trust_gate,523.5442316557408,519.9539042069018,258.587646484375,0.9826590418815613
diamonds,0,2,GraphDrone_trust_gate,521.7343373307914,540.2057767647436,256.07891845703125,0.9824974536895752
diamonds,0,0,GraphDrone_uniform,1257.5667974306573,1195.75739596291,830.8751831054688,0.9034795761108398
diamonds,0,1,GraphDrone_uniform,1250.2339781016992,1235.6737534640768,829.3350830078125,0.9011106491088867
diamonds,0,2,GraphDrone_uniform,1213.6797353503107,1248.3453047935095,798.5389404296875,0.9052866697311401
diamonds,0,0,TabM,538.5348758437099,518.6432119000499,278.4641418457031,0.9822995066642761
diamonds,0,1,TabM,532.0218216859155,523.8613545109049,280.83843994140625,0.9820928573608398
diamonds,0,2,TabM,525.7178722946368,533.4707114734604,271.1905517578125,0.9822291731834412
diamonds,0,0,TabPFN,527.763826204487,512.1974411786923,255.72264099121094,0.9830005168914795
diamonds,0,1,TabPFN,523.9821382929002,515.9844353272683,255.1307830810547,0.9826300144195557
diamonds,0,2,TabPFN,519.4309687051784,536.437612868449,251.07455444335938,0.9826516509056091
diamonds,0,0,TabR,552.7998951882606,530.5068722067197,290.23451877811567,0.9813494086265564
diamonds,0,1,TabR,544.8861042278319,521.8422943213565,279.4600366880404,0.9812164306640625
diamonds,0,2,TabR,540.8363309532841,542.8892046193239,283.59408145517045,0.9811923503875732
healthcare_insurance_expenses,0,0,GraphDrone_DOMAIN,11557.515303905075,12805.041507156468,8270.0595703125,-0.004518032073974609
healthcare_insurance_expenses,0,1,GraphDrone_DOMAIN,12813.422961878689,10611.742175533667,8799.34375,-0.021107792854309082
healthcare_insurance_expenses,0,2,GraphDrone_DOMAIN,12173.719891635425,10883.219376636676,8902.69140625,-0.01985478401184082
healthcare_insurance_expenses,0,0,GraphDrone_FOUNDATION,4142.272323254472,5492.199559375096,1819.505126953125,0.8709654211997986
healthcare_insurance_expenses,0,1,GraphDrone_FOUNDATION,5221.0240374853665,3192.8457526163083,2392.238037109375,0.8304676413536072
healthcare_insurance_expenses,0,2,GraphDrone_FOUNDATION,4258.485176679614,4366.887220893162,1903.2547607421875,0.8752036094665527
healthcare_insurance_expenses,0,0,GraphDrone_FULL,4145.787741792867,5539.718043366467,1752.94677734375,0.8707463145256042
healthcare_insurance_expenses,0,1,GraphDrone_FULL,5162.005230528152,3187.5667836141097,2343.750244140625,0.8342787623405457
healthcare_insurance_expenses,0,2,GraphDrone_FULL,4224.3666980980715,4273.288429301257,1889.0994873046875,0.8771952986717224
healthcare_insurance_expenses,0,0,GraphDrone_GEO,4108.655497848415,5543.14621852969,1944.1456298828125,0.8730512857437134
healthcare_insurance_expenses,0,1,GraphDrone_GEO,5103.189982746087,3258.466970831529,2366.342041015625,0.8380336761474609
healthcare_insurance_expenses,0,2,GraphDrone_GEO,4248.294245929771,4322.464112054605,2147.88623046875,0.8758001923561096
healthcare_insurance_expenses,0,0,GraphDrone_LOWRANK,10797.370791076872,12612.973004014557,7879.76123046875,0.1232721209526062
healthcare_insurance_expenses,0,1,GraphDrone_LOWRANK,12138.93768004433,10216.162097382754,8611.4482421875,0.08356302976608276
healthcare_insurance_expenses,0,2,GraphDrone_LOWRANK,11872.082209957949,10790.780879991957,8538.1875,0.030058562755584717
healthcare_insurance_expenses,0,0,GraphDrone_crossfit,4097.4762964537085,5560.728369557355,1917.139892578125,0.8737412095069885
healthcare_insurance_expenses,0,1,GraphDrone_crossfit,5134.649744627183,3219.5827369396798,2410.656005859375,0.8360306024551392
healthcare_insurance_expenses,0,2,GraphDrone_crossfit,4213.306302655908,4334.6427765157305,2080.453857421875,0.8778375387191772
healthcare_insurance_expenses,0,0,GraphDrone_foundation_crossfit,4108.326423253147,5500.72522491353,1819.5557861328125,0.8730716705322266
healthcare_insurance_expenses,0,1,GraphDrone_foundation_crossfit,5144.05462645956,3214.419076598445,2358.0810546875,0.835429310798645
healthcare_insurance_expenses,0,2,GraphDrone_foundation_crossfit,4234.733521722471,4281.105698298046,1927.4779052734375,0.8765918016433716
healthcare_insurance_expenses,0,0,GraphDrone_foundation_router,4103.187541412164,5506.345430501069,1814.9390869140625,0.8733890056610107
healthcare_insurance_expenses,0,1,GraphDrone_foundation_router,5143.478395016353,3191.9692980979626,2357.354248046875,0.835466206073761
healthcare_insurance_expenses,0,2,GraphDrone_foundation_router,4235.499262188579,4217.67471481621,1853.5662841796875,0.8765472173690796
healthcare_insurance_expenses,0,0,GraphDrone_gora,8040.485806218428,10233.030049794635,5446.6103515625,0.5138241648674011
healthcare_insurance_expenses,0,1,GraphDrone_gora,8654.140280813572,6782.933878492404,5527.431640625,0.5342110991477966
healthcare_insurance_expenses,0,2,GraphDrone_gora,9660.891884293085,8437.106138955465,6427.07861328125,0.3577173352241516
healthcare_insurance_expenses,0,0,GraphDrone_router,4089.72896412464,5528.227744946837,1912.5115966796875,0.874218225479126
healthcare_insurance_expenses,0,1,GraphDrone_router,5137.5227493413595,3213.643726364203,2419.80712890625,0.835847020149231
healthcare_insurance_expenses,0,2,GraphDrone_router,4208.962817607207,4270.46554839165,2065.35009765625,0.8780892491340637
healthcare_insurance_expenses,0,0,GraphDrone_sigma2,6559.249957121622,8188.544925687347,4788.32861328125,0.676453173160553
healthcare_insurance_expenses,0,1,GraphDrone_sigma2,7804.764186059691,5927.5293335419265,5291.98388671875,0.6211556196212769
healthcare_insurance_expenses,0,2,GraphDrone_sigma2,7209.127270342784,6660.152550805425,5283.02490234375,0.6423509120941162
healthcare_insurance_expenses,0,0,GraphDrone_trust_gate,4145.783882452148,5539.7037826945225,1752.94677734375,0.8707465529441833
healthcare_insurance_expenses,0,1,GraphDrone_trust_gate,5138.418044495796,3220.3412862614423,2406.568359375,0.8357897996902466
healthcare_insurance_expenses,0,2,GraphDrone_trust_gate,4224.3666980980715,4273.287259242,1889.1019287109375,0.8771952986717224
healthcare_insurance_expenses,0,0,GraphDrone_uniform,6371.60952978131,7960.576361043213,4682.43310546875,0.694699764251709
healthcare_insurance_expenses,0,1,GraphDrone_uniform,7782.009766120832,5903.380387540685,5314.4091796875,0.6233614683151245
healthcare_insurance_expenses,0,2,GraphDrone_uniform,6801.519242051734,6508.679128671193,5056.18212890625,0.6816508769989014
healthcare_insurance_expenses,0,0,TabM,4246.1516694531765,5406.387703448579,2352.967041015625,0.8644124269485474
healthcare_insurance_expenses,0,1,TabM,5218.303747387651,3367.248728561643,2789.60205078125,0.8306442499160767
healthcare_insurance_expenses,0,2,TabM,4311.096148313095,4362.316586402229,2392.080078125,0.8721010088920593
healthcare_insurance_expenses,0,0,TabPFN,4142.272323254472,5492.199559375096,1819.505126953125,0.8709654211997986
healthcare_insurance_expenses,0,1,TabPFN,5221.0240374853665,3192.8457526163083,2392.238037109375,0.8304676413536072
healthcare_insurance_expenses,0,2,TabPFN,4258.485176679614,4366.887220893162,1903.2547607421875,0.8752036094665527
healthcare_insurance_expenses,0,0,TabR,4574.819922271307,5547.498524401246,2818.66394836962,0.8426101207733154
healthcare_insurance_expenses,0,1,TabR,5389.529456573753,3461.916687624541,3045.925612541818,0.8193479180335999
healthcare_insurance_expenses,0,2,TabR,4969.808981966639,4533.833427646895,2843.6739036005747,0.8300304412841797
houses,0,0,GraphDrone_DOMAIN,0.3200601770212041,0.3085866396121046,0.23407939076423645,0.6900721192359924
houses,0,1,GraphDrone_DOMAIN,0.3200151412332157,0.3159322956497978,0.23683400452136993,0.6747934818267822
houses,0,2,GraphDrone_DOMAIN,0.3209643012522078,0.3240612060903617,0.23583200573921204,0.6841832995414734
houses,0,0,GraphDrone_FOUNDATION,0.20408155717410423,0.1881402231469863,0.13195158541202545,0.8739900588989258
houses,0,1,GraphDrone_FOUNDATION,0.1989300730658491,0.2060598309494174,0.13289965689182281,0.8743336200714111
houses,0,2,GraphDrone_FOUNDATION,0.2081628499252557,0.20228086731649236,0.1348399519920349,0.8671602010726929
houses,0,0,GraphDrone_FULL,0.2025577529185025,0.18850767046907127,0.13070927560329437,0.8758647441864014
houses,0,1,GraphDrone_FULL,0.19779687108616095,0.2041557824062176,0.13056844472885132,0.8757612705230713
houses,0,2,GraphDrone_FULL,0.2080531630530929,0.2000797868813785,0.13345779478549957,0.8673002123832703
houses,0,0,GraphDrone_GEO,0.2603736587614401,0.24871792471459148,0.18237295746803284,0.7948877811431885
houses,0,1,GraphDrone_GEO,0.24917339223111637,0.2583228319992119,0.17697949707508087,0.8028387427330017
houses,0,2,GraphDrone_GEO,0.2584652728479992,0.2476314836146231,0.18160638213157654,0.79520183801651
houses,0,0,GraphDrone_LOWRANK,0.46315276694617685,0.4567311108352372,0.36994755268096924,0.3509982228279114
houses,0,1,GraphDrone_LOWRANK,0.45616780742615987,0.4669300352287986,0.3659213185310364,0.3392038345336914
houses,0,2,GraphDrone_LOWRANK,0.46655683850010826,0.4723155630258963,0.3735831081867218,0.3326851725578308
houses,0,0,GraphDrone_crossfit,0.19962780227258836,0.1871921575186544,0.12947042286396027,0.8794299364089966
houses,0,1,GraphDrone_crossfit,0.19289761131616137,0.19994116677764298,0.129434734582901,0.8818396329879761
houses,0,2,GraphDrone_crossfit,0.20240816762633326,0.19535691709908876,0.13117720186710358,0.8744034767150879
houses,0,0,GraphDrone_foundation_crossfit,0.1989404567123667,0.18527811562867016,0.12870508432388306,0.8802587985992432
houses,0,1,GraphDrone_foundation_crossfit,0.19205441014773725,0.19948336847493137,0.12901239097118378,0.8828703761100769
houses,0,2,GraphDrone_foundation_crossfit,0.20130839854044327,0.19500999866735103,0.13040855526924133,0.8757646083831787
houses,0,0,GraphDrone_foundation_router,0.19891501628379926,0.1838298557749605,0.12853604555130005,0.8802894353866577
houses,0,1,GraphDrone_foundation_router,0.19204779563747076,0.19823084643766953,0.12911047041416168,0.8828784227371216
houses,0,2,GraphDrone_foundation_router,0.20125042205967686,0.19334866272508516,0.1303320825099945,0.8758361339569092
houses,0,0,GraphDrone_gora,0.24756704312263114,0.23674831394614312,0.1776823103427887,0.8145686984062195
houses,0,1,GraphDrone_gora,0.24124009423351644,0.245286951131731,0.1750386506319046,0.8151935338973999
houses,0,2,GraphDrone_gora,0.2497900886236576,0.24597017273547764,0.17945285141468048,0.8087189197540283
houses,0,0,GraphDrone_router,0.19950502060426292,0.1857251766209129,0.12934322655200958,0.8795782327651978
houses,0,1,GraphDrone_router,0.19296452637347494,0.19852241666631265,0.12948019802570343,0.8817576169967651
houses,0,2,GraphDrone_router,0.20235115059828757,0.1937543418613126,0.13117186725139618,0.8744741678237915
houses,0,0,GraphDrone_sigma2,0.2482548840244973,0.23676608622673515,0.18167926371097565,0.8135368824005127
houses,0,1,GraphDrone_sigma2,0.24156439517660763,0.24441015243146172,0.17927497625350952,0.8146963119506836
houses,0,2,GraphDrone_sigma2,0.25057059974738394,0.24924527179620093,0.18477974832057953,0.8075217008590698
houses,0,0,GraphDrone_trust_gate,0.20005937008016725,0.1869445660294173,0.1293380856513977,0.878908097743988
houses,0,1,GraphDrone_trust_gate,0.1933908918492471,0.20018027644563374,0.1287519633769989,0.8812345266342163
houses,0,2,GraphDrone_trust_gate,0.20292663975796021,0.19510596799621427,0.1310368925333023,0.8737591505050659
houses,0,0,GraphDrone_uniform,0.24879138831047068,0.23722680309025287,0.18222656846046448,0.812730073928833
houses,0,1,GraphDrone_uniform,0.24217194076518486,0.24507688669774108,0.17995846271514893,0.8137630224227905
houses,0,2,GraphDrone_uniform,0.2511491145237785,0.24998217012482266,0.1853911280632019,0.806631863117218
houses,0,0,TabM,0.2291744873850938,0.21242730005035274,0.15577806532382965,0.8410978317260742
houses,0,1,TabM,0.2253767174540546,0.22719237311854967,0.15756140649318695,0.8386992812156677
houses,0,2,TabM,0.23254762982030217,0.2268510740053987,0.15481559932231903,0.8342149257659912
houses,0,0,TabPFN,0.20408155717410423,0.1881402231469863,0.13195158541202545,0.8739900588989258
houses,0,1,TabPFN,0.1989300730658491,0.2060598309494174,0.13289965689182281,0.8743336200714111
houses,0,2,TabPFN,0.2081628499252557,0.20228086731649236,0.1348399519920349,0.8671602010726929
houses,0,0,TabR,0.20381954423660972,0.19091564195468855,0.1338310403427867,0.8743133544921875
houses,0,1,TabR,0.20205675300185105,0.2028988149262877,0.1363600051989211,0.8703522682189941
houses,0,2,TabR,0.20840180516198437,0.19947428131001535,0.13816006356037747,0.8668550848960876
miami_housing,0,0,GraphDrone_DOMAIN,162212.40948830024,167188.62966123025,85137.359375,0.7470932006835938
miami_housing,0,1,GraphDrone_DOMAIN,169273.59382963428,171471.1333373638,85847.6640625,0.7181737422943115
miami_housing,0,2,GraphDrone_DOMAIN,162761.47514691553,178837.42749212202,84230.7578125,0.7279524803161621
miami_housing,0,0,GraphDrone_FOUNDATION,82571.1899393487,77306.84751042433,38774.16015625,0.9344685673713684
miami_housing,0,1,GraphDrone_FOUNDATION,80524.00546420924,77659.23677193846,37950.23828125,0.9362245202064514
miami_housing,0,2,GraphDrone_FOUNDATION,77300.94954138662,93956.5393998736,37460.09765625,0.9386363625526428
miami_housing,0,0,GraphDrone_FULL,82529.36175689232,79625.46246019549,39147.609375,0.9345349669456482
miami_housing,0,1,GraphDrone_FULL,82369.46385645593,80890.0345901768,38673.6640625,0.9332677721977234
miami_housing,0,2,GraphDrone_FULL,80254.69536419661,93687.32746748623,38470.53125,0.9338572025299072
miami_housing,0,0,GraphDrone_GEO,160717.60993743033,165747.0635878657,78868.09375,0.7517328262329102
miami_housing,0,1,GraphDrone_GEO,153039.78504950926,163458.62488103833,77263.171875,0.7696374654769897
miami_housing,0,2,GraphDrone_GEO,163122.88060232383,156832.69536675062,80632.546875,0.7267430424690247
miami_housing,0,0,GraphDrone_LOWRANK,146924.73044385685,153721.5185977552,74432.640625,0.7925171256065369
miami_housing,0,1,GraphDrone_LOWRANK,142727.28232541948,147500.20170833665,72981.6328125,0.7996371984481812
miami_housing,0,2,GraphDrone_LOWRANK,148085.48968754502,145410.78870565278,74490.8984375,0.7748010158538818
miami_housing,0,0,GraphDrone_crossfit,82978.01463038266,81338.71265270923,40966.32421875,0.9338212609291077
miami_housing,0,1,GraphDrone_crossfit,82721.21623864098,81625.33567465434,40681.87109375,0.9326966404914856
miami_housing,0,2,GraphDrone_crossfit,81067.4922764976,95384.05602615146,41272.59765625,0.9325106739997864
miami_housing,0,0,GraphDrone_foundation_crossfit,82571.1434340109,77286.39311030111,38773.953125,0.934468686580658
miami_housing,0,1,GraphDrone_foundation_crossfit,81091.53267758602,77853.61607529865,38201.6953125,0.9353224039077759
miami_housing,0,2,GraphDrone_foundation_crossfit,78502.78649831482,93909.90337552264,37886.37109375,0.9367133975028992
miami_housing,0,0,GraphDrone_foundation_router,82570.78379184734,77306.7018052122,38774.9375,0.9344692230224609
miami_housing,0,1,GraphDrone_foundation_router,81004.3830912871,78799.48507445972,38154.83203125,0.9354612827301025
miami_housing,0,2,GraphDrone_foundation_router,78677.54627592297,93393.61588459888,37946.6953125,0.936431348323822
miami_housing,0,0,GraphDrone_gora,142740.90609212202,154879.49090825423,67050.7734375,0.8041654825210571
miami_housing,0,1,GraphDrone_gora,152189.61141943952,156767.14104684055,68937.265625,0.7721898555755615
miami_housing,0,2,GraphDrone_gora,148595.27249545997,154422.2657520605,67720.8671875,0.7732478380203247
miami_housing,0,0,GraphDrone_router,83475.61119273101,80295.18022895273,42003.6015625,0.9330251812934875
miami_housing,0,1,GraphDrone_router,82678.16350161632,81131.36961742974,40789.07421875,0.9327666759490967
miami_housing,0,2,GraphDrone_router,81314.34235114984,93967.04511689191,41714.6875,0.9320990443229675
miami_housing,0,0,GraphDrone_sigma2,104544.56320631887,104629.67533161899,50477.49609375,0.8949501514434814
miami_housing,0,1,GraphDrone_sigma2,100656.39548483743,107728.07485516484,48435.9765625,0.9003480672836304
miami_housing,0,2,GraphDrone_sigma2,100613.18561699554,109241.48076623642,49601.06640625,0.896043598651886
miami_housing,0,0,GraphDrone_trust_gate,82977.99303429795,81338.71265270923,40966.23828125,0.9338213205337524
miami_housing,0,1,GraphDrone_trust_gate,82721.21623864098,81625.33567465434,40681.85546875,0.9326966404914856
miami_housing,0,2,GraphDrone_trust_gate,81067.48596077222,95383.99698062563,41272.08203125,0.9325107336044312
miami_housing,0,0,GraphDrone_uniform,104158.34345840951,103956.1852320486,50534.5234375,0.895724892616272
miami_housing,0,1,GraphDrone_uniform,99799.1454873237,107032.49958774204,48444.45703125,0.9020382165908813
miami_housing,0,2,GraphDrone_uniform,100035.97688831754,108677.8372990556,49782.0546875,0.8972329497337341
miami_housing,0,0,TabM,91047.65099660726,91820.93739447447,46085.6015625,0.9203235507011414
miami_housing,0,1,TabM,88068.83707645969,88438.32942791264,43532.74609375,0.9237135052680969
miami_housing,0,2,TabM,89011.09324123595,97867.08112537126,44532.11328125,0.9186365008354187
miami_housing,0,0,TabPFN,82571.1899393487,77306.84751042433,38774.16015625,0.9344685673713684
miami_housing,0,1,TabPFN,80524.00546420924,77659.23677193846,37950.23828125,0.9362245202064514
miami_housing,0,2,TabPFN,77300.94954138662,93956.5393998736,37460.09765625,0.9386363625526428
miami_housing,0,0,TabR,88396.11743601946,85962.77056070042,43837.00766032329,0.9248967170715332
miami_housing,0,1,TabR,88368.28568521545,90695.45072989985,44274.473796028644,0.9231938719749451
miami_housing,0,2,TabR,90799.5652762247,96852.58872043209,44760.9166992479,0.9153339862823486
used_fiat_500,0,0,GraphDrone_DOMAIN,1754.5074095027355,1902.9450859128858,1402.7529296875,0.15171658992767334
used_fiat_500,0,1,GraphDrone_DOMAIN,1802.936978931876,1814.9506880353526,1446.5487060546875,0.14926546812057495
used_fiat_500,0,2,GraphDrone_DOMAIN,1754.0340646635116,1854.8830825688178,1426.9622802734375,0.19681960344314575
used_fiat_500,0,0,GraphDrone_FOUNDATION,694.5983101764646,713.4029585374594,527.5579833984375,0.8670470714569092
used_fiat_500,0,1,GraphDrone_FOUNDATION,739.2059929410746,825.7990448650326,556.44482421875,0.8569908142089844
used_fiat_500,0,2,GraphDrone_FOUNDATION,762.4033545309202,823.1482248052291,563.0310668945312,0.8482577204704285
used_fiat_500,0,0,GraphDrone_FULL,691.9654073723628,706.691366510162,522.6888427734375,0.8680530786514282
used_fiat_500,0,1,GraphDrone_FULL,743.5888901133475,829.1218622735744,557.9482421875,0.8552899360656738
used_fiat_500,0,2,GraphDrone_FULL,770.6339922427508,823.6781455762924,563.6998901367188,0.8449637293815613
used_fiat_500,0,0,GraphDrone_GEO,706.442363183296,717.0171720398333,536.3140869140625,0.862474262714386
used_fiat_500,0,1,GraphDrone_GEO,741.2884897258286,852.2735769692734,552.9338989257812,0.8561838865280151
used_fiat_500,0,2,GraphDrone_GEO,778.1872364669058,791.8678472447281,580.2718505859375,0.8419097065925598
used_fiat_500,0,0,GraphDrone_LOWRANK,731.3585389533645,740.8374484325154,563.7530517578125,0.8526021242141724
used_fiat_500,0,1,GraphDrone_LOWRANK,747.72204060065,897.0473789048157,567.1239013671875,0.8536767363548279
used_fiat_500,0,2,GraphDrone_LOWRANK,780.1878379595519,815.0412182828547,603.8115234375,0.8410958051681519
used_fiat_500,0,0,GraphDrone_crossfit,716.0270813663406,729.9263661493535,553.94921875,0.858717143535614
used_fiat_500,0,1,GraphDrone_crossfit,788.3971080616672,839.9358978517349,609.21142578125,0.8373241424560547
used_fiat_500,0,2,GraphDrone_crossfit,774.3606233532281,813.0377451262641,581.0286865234375,0.8434606194496155
used_fiat_500,0,0,GraphDrone_foundation_crossfit,692.7406847082103,707.7604202694581,521.8551025390625,0.8677572011947632
used_fiat_500,0,1,GraphDrone_foundation_crossfit,738.0450951669552,833.4060384950424,555.3258056640625,0.8574396371841431
used_fiat_500,0,2,GraphDrone_foundation_crossfit,776.5347706316827,805.8941074980013,590.2008056640625,0.8425803780555725
used_fiat_500,0,0,GraphDrone_foundation_router,697.623600159857,710.124900985735,532.658447265625,0.865886390209198
used_fiat_500,0,1,GraphDrone_foundation_router,738.0173185637312,821.6629098967533,555.5738525390625,0.8574503660202026
used_fiat_500,0,2,GraphDrone_foundation_router,771.6562139320852,795.1255404022688,579.2811889648438,0.8445521593093872
used_fiat_500,0,0,GraphDrone_gora,917.739444232403,931.8473922805172,683.2323608398438,0.7679030895233154
used_fiat_500,0,1,GraphDrone_gora,1024.0548691354384,1103.9136628378144,719.1946411132812,0.7255397439002991
used_fiat_500,0,2,GraphDrone_gora,881.2154248536507,953.5709530496407,655.2362060546875,0.7972778081893921
used_fiat_500,0,0,GraphDrone_router,715.7033254079514,731.646900834002,553.4904174804688,0.8588448762893677
used_fiat_500,0,1,GraphDrone_router,782.9547799841316,869.1002171786635,603.828125,0.8395622968673706
used_fiat_500,0,2,GraphDrone_router,773.4385075751013,790.3754645736417,580.00439453125,0.8438332080841064
used_fiat_500,0,0,GraphDrone_sigma2,818.6369005853572,851.3497738885,642.5784301757812,0.8153228163719177
used_fiat_500,0,1,GraphDrone_sigma2,887.4542241715907,962.511071364896,663.9067993164062,0.7938777208328247
used_fiat_500,0,2,GraphDrone_sigma2,859.0391434620427,900.8799517693798,655.5198364257812,0.8073526620864868
used_fiat_500,0,0,GraphDrone_trust_gate,692.3973750672369,707.551212810776,523.843505859375,0.8678882718086243
used_fiat_500,0,1,GraphDrone_trust_gate,759.3617385673313,828.6671527217668,571.5900268554688,0.8490856885910034
used_fiat_500,0,2,GraphDrone_trust_gate,767.3139025196924,814.1367360585076,563.3662109375,0.8462966680526733
used_fiat_500,0,0,GraphDrone_uniform,823.6743516099066,856.0258100664956,645.9953002929688,0.8130429983139038
used_fiat_500,0,1,GraphDrone_uniform,826.1824480706425,897.8221566657842,646.80322265625,0.8213574290275574
used_fiat_500,0,2,GraphDrone_uniform,866.5377227795683,909.3808676786641,666.148681640625,0.8039747476577759
used_fiat_500,0,0,TabM,735.7327979640435,736.2948628097306,561.3377075195312,0.8508336544036865
used_fiat_500,0,1,TabM,776.436531533647,874.5616759268611,602.0408325195312,0.8422225713729858
used_fiat_500,0,2,TabM,790.5930922415146,887.5080281327037,594.9990844726562,0.8368289470672607
used_fiat_500,0,0,TabPFN,694.5983101764646,713.4029585374594,527.5579833984375,0.8670470714569092
used_fiat_500,0,1,TabPFN,739.2059929410746,825.7990448650326,556.44482421875,0.8569908142089844
used_fiat_500,0,2,TabPFN,762.4033545309202,823.1482248052291,563.0310668945312,0.8482577204704285
used_fiat_500,0,0,TabR,740.3115567007077,752.0379424207504,555.2642346930479,0.8489712476730347
used_fiat_500,0,1,TabR,797.9068303894752,876.0081848618031,610.2891980993627,0.8333760499954224
used_fiat_500,0,2,TabR,802.8635490593597,874.0115671506453,606.8767129472399,0.8317246437072754
wine_quality,0,0,GraphDrone_DOMAIN,0.7795210589952549,0.8145294519606194,0.6144507527351379,0.1650838851928711
wine_quality,0,1,GraphDrone_DOMAIN,0.8071019883002891,0.7825183490880875,0.6320083737373352,0.16947031021118164
wine_quality,0,2,GraphDrone_DOMAIN,0.7998216415303762,0.8054531491800994,0.6346123814582825,0.17464590072631836
wine_quality,0,0,GraphDrone_FOUNDATION,0.636513167816685,0.6657642997798879,0.4878278970718384,0.4433248043060303
wine_quality,0,1,GraphDrone_FOUNDATION,0.6675041099664693,0.6281316026179282,0.5128819346427917,0.4319242835044861
wine_quality,0,2,GraphDrone_FOUNDATION,0.6355064646529387,0.64388001804844,0.4932643175125122,0.4789324998855591
wine_quality,0,0,GraphDrone_FULL,0.6430467792316727,0.6728307446718282,0.4832858443260193,0.43183791637420654
wine_quality,0,1,GraphDrone_FULL,0.6658365674551032,0.6248769877494305,0.5033434629440308,0.43475908041000366
wine_quality,0,2,GraphDrone_FULL,0.639387843505495,0.6481532657385934,0.4869350492954254,0.4725481867790222
wine_quality,0,0,GraphDrone_GEO,0.6670215650486684,0.7124303716802736,0.5086669325828552,0.38868242502212524
wine_quality,0,1,GraphDrone_GEO,0.7071946940475455,0.6541766383591522,0.5332313179969788,0.36235886812210083
wine_quality,0,2,GraphDrone_GEO,0.670571015487988,0.6598868638663241,0.5177563428878784,0.4198456406593323
wine_quality,0,0,GraphDrone_LOWRANK,0.7449625437236482,0.7971770144333383,0.6001914143562317,0.23747169971466064
wine_quality,0,1,GraphDrone_LOWRANK,0.7878832172278185,0.7516151758716394,0.6213960647583008,0.20855265855789185
wine_quality,0,2,GraphDrone_LOWRANK,0.7725574611539305,0.7745962614102687,0.6187167167663574,0.22995591163635254
wine_quality,0,0,GraphDrone_crossfit,0.6418616291796726,0.6744884848718105,0.4867587089538574,0.43393027782440186
wine_quality,0,1,GraphDrone_crossfit,0.6679421581306845,0.6295653023484633,0.5069108009338379,0.4311784505844116
wine_quality,0,2,GraphDrone_crossfit,0.6429937346228828,0.648988328937514,0.49600949883461,0.46658217906951904
wine_quality,0,0,GraphDrone_foundation_crossfit,0.6356845483858592,0.669664539258618,0.48774293065071106,0.44477319717407227
wine_quality,0,1,GraphDrone_foundation_crossfit,0.6674512007016464,0.629780392858728,0.5104355812072754,0.4320143461227417
wine_quality,0,2,GraphDrone_foundation_crossfit,0.639732902715789,0.6475433251161862,0.49622586369514465,0.4719787836074829
wine_quality,0,0,GraphDrone_foundation_router,0.6361665027517591,0.6655218133955497,0.4877491891384125,0.443930983543396
wine_quality,0,1,GraphDrone_foundation_router,0.6675040653190687,0.625699129085901,0.5105605721473694,0.43192434310913086
wine_quality,0,2,GraphDrone_foundation_router,0.6393057334646981,0.6405291601923856,0.49577993154525757,0.4726836681365967
wine_quality,0,0,GraphDrone_gora,0.6832487925320957,0.7200548104113259,0.5365555286407471,0.35857653617858887
wine_quality,0,1,GraphDrone_gora,0.7154540494936052,0.6705564601817118,0.5550112128257751,0.3473777770996094
wine_quality,0,2,GraphDrone_gora,0.6918489364428932,0.6952466612087217,0.5449197888374329,0.3824436664581299
wine_quality,0,0,GraphDrone_router,0.6418703581615226,0.6732128485519374,0.4863530993461609,0.43391484022140503
wine_quality,0,1,GraphDrone_router,0.667056794060581,0.6241119751781166,0.5062116384506226,0.43268537521362305
wine_quality,0,2,GraphDrone_router,0.6431904342253788,0.6428360117171672,0.49586760997772217,0.466255784034729
wine_quality,0,0,GraphDrone_sigma2,0.671430462886007,0.7138284863210863,0.5292521119117737,0.3805743455886841
wine_quality,0,1,GraphDrone_sigma2,0.7043387427556326,0.6671337463380232,0.5476729273796082,0.36749857664108276
wine_quality,0,2,GraphDrone_sigma2,0.6831922823621914,0.6837683318503336,0.5404642224311829,0.39780116081237793
wine_quality,0,0,GraphDrone_trust_gate,0.6425787279305919,0.6724878222132245,0.48420029878616333,0.432664692401886
wine_quality,0,1,GraphDrone_trust_gate,0.6659186731735601,0.6252066747365237,0.5037083029747009,0.43461960554122925
wine_quality,0,2,GraphDrone_trust_gate,0.6391934472864174,0.6469083703689392,0.4879562556743622,0.4728688597679138
wine_quality,0,0,GraphDrone_uniform,0.6711520363983178,0.7140148756310162,0.5287435054779053,0.3810879588127136
wine_quality,0,1,GraphDrone_uniform,0.7042828880609563,0.6674271557382557,0.5474647879600525,0.36759889125823975
wine_quality,0,2,GraphDrone_uniform,0.6833102264994524,0.6834143921024629,0.5405092239379883,0.3975932002067566
wine_quality,0,0,TabM,0.6648095584957443,0.7003502667655663,0.5112740993499756,0.3927302956581116
wine_quality,0,1,TabM,0.6970243918229642,0.6390616950890432,0.522190511226654,0.3805670738220215
wine_quality,0,2,TabM,0.6624204191958293,0.671357976124809,0.5122569799423218,0.43386310338974
wine_quality,0,0,TabPFN,0.636513167816685,0.6657642997798879,0.4878278970718384,0.4433248043060303
wine_quality,0,1,TabPFN,0.6675041099664693,0.6281316026179282,0.5128819346427917,0.4319242835044861
wine_quality,0,2,TabPFN,0.6355064646529387,0.64388001804844,0.4932643175125122,0.4789324998855591
wine_quality,0,0,TabR,0.6501852950420824,0.6786889059005391,0.48900920706228135,0.41915345191955566
wine_quality,0,1,TabR,0.6785283853855049,0.6230655763433383,0.5084958081658293,0.41300511360168457
wine_quality,0,2,TabR,0.6506122197061964,0.6517490358633928,0.4935617626363502,0.45386701822280884
